"Latest: Time (s)";"Latest: Potential 1 (V)";"Latest: Potential 2 (V)";"Latest: Potential 3 (V)";"Latest: Potential 4 (V)";"Latest: R1 (Ω)";"Latest: R2 (Ω)";"Latest: R3 (Ω)";"Latest: Temp (K)";"Latest: R1/R10";"Latest: R2/R20";"Latest: R3/R30";"Run 1: Time (s)";"Run 1: Potential 1 (V)";"Run 1: Potential 2 (V)";"Run 1: Potential 3 (V)";"Run 1: Potential 4 (V)";"Run 1: R1 (Ω)";"Run 1: R2 (Ω)";"Run 1: R3 (Ω)";"Run 1: Temp (K)";"Run 1: R1/R10";"Run 1: R2/R20";"Run 1: R3/R30"
0;1,321;0,063;2,336;2,993;132,112;6,349;2,336;299,267;0,983;1,013;1,002;0,0;1,341;0,063;2,331;2,984;134,066;6,349;2,331;298,413;0,997;1,013;1,000
10;1,320;0,063;2,336;2,994;131,990;6,349;2,336;299,390;0,982;1,013;1,002;0,1;1,341;0,063;2,330;2,985;134,066;6,349;2,330;298,535;0,997;1,013;1,000
20;1,320;0,062;2,336;2,994;131,990;6,227;2,336;299,390;0,982;0,993;1,002;0,2;1,342;0,063;2,331;2,985;134,188;6,349;2,331;298,535;0,998;1,013;1,000
30;1,319;0,062;2,337;2,994;131,868;6,227;2,337;299,390;0,981;0,993;1,003;0,3;1,342;0,063;2,331;2,984;134,188;6,349;2,331;298,413;0,998;1,013;1,000
40;1,319;0,062;2,337;2,994;131,868;6,227;2,337;299,390;0,981;0,993;1,003;0,4;1,341;0,063;2,330;2,985;134,066;6,349;2,330;298,535;0,997;1,013;1,000
50;1,317;0,062;2,337;2,995;131,746;6,227;2,337;299,512;0,980;0,993;1,003;0,5;1,342;0,063;2,331;2,984;134,188;6,349;2,331;298,413;0,998;1,013;1,000
60;1,320;0,062;2,337;2,995;131,990;6,227;2,337;299,512;0,982;0,993;1,003;0,6;1,341;0,063;2,331;2,984;134,066;6,349;2,331;298,413;0,997;1,013;1,000
70;1,332;0,065;2,335;2,995;133,211;6,471;2,335;299,512;0,991;1,032;1,002;0,7;1,341;0,063;2,330;2,985;134,066;6,349;2,330;298,535;0,997;1,013;1,000
80;1,349;0,065;2,332;2,994;134,921;6,471;2,332;299,390;1,004;1,032;1,001;0,8;1,342;0,065;2,331;2,983;134,188;6,471;2,331;298,291;0,998;1,032;1,000
90;1,369;0,063;2,327;2,991;136,874;6,349;2,327;299,145;1,018;1,013;0,999;0,9;1,341;0,063;2,331;2,985;134,066;6,349;2,331;298,535;0,997;1,013;1,000
100;1,390;0,063;2,321;2,985;138,950;6,349;2,321;298,535;1,034;1,013;0,996;1,0;1,341;0,063;2,331;2,984;134,066;6,349;2,331;298,413;0,997;1,013;1,000
110;1,410;0,063;2,315;2,980;141,026;6,349;2,315;298,046;1,049;1,013;0,994;1,1;1,342;0,063;2,331;2,984;134,188;6,349;2,331;298,413;0,998;1,013;1,000
120;1,431;0,063;2,308;2,976;143,101;6,349;2,308;297,558;1,064;1,013;0,990;1,2;1,342;0,063;2,331;2,985;134,188;6,349;2,331;298,535;0,998;1,013;1,000
130;1,452;0,063;2,300;2,968;145,177;6,349;2,300;296,825;1,080;1,013;0,987;1,3;1,341;0,063;2,331;2,983;134,066;6,349;2,331;298,291;0,997;1,013;1,000
140;1,474;0,063;2,292;2,960;147,375;6,349;2,292;295,971;1,096;1,013;0,984;1,4;1,342;0,063;2,330;2,984;134,188;6,349;2,330;298,413;0,998;1,013;1,000
150;1,495;0,062;2,283;2,951;149,451;6,227;2,283;295,116;1,112;0,993;0,980;1,5;1,341;0,063;2,331;2,985;134,066;6,349;2,331;298,535;0,997;1,013;1,000
160;1,515;0,062;2,273;2,940;151,526;6,227;2,273;294,017;1,127;0,993;0,976;1,6;1,341;0,063;2,331;2,984;134,066;6,349;2,331;298,413;0,997;1,013;1,000
170;1,536;0,062;2,264;2,930;153,602;6,227;2,264;293,040;1,143;0,993;0,972;1,7;1,342;0,063;2,331;2,985;134,188;6,349;2,331;298,535;0,998;1,013;1,000
180;1,556;0,061;2,253;2,919;155,556;6,105;2,253;291,941;1,157;0,974;0,967;1,8;1,342;0,063;2,331;2,984;134,188;6,349;2,331;298,413;0,998;1,013;1,000
190;1,574;0,061;2,243;2,906;157,387;6,105;2,243;290,598;1,171;0,974;0,963;1,9;1,341;0,063;2,331;2,985;134,066;6,349;2,331;298,535;0,997;1,013;1,000
200;1,592;0,061;2,231;2,894;159,219;6,105;2,231;289,377;1,184;0,974;0,957;2,0;1,342;0,063;2,331;2,985;134,188;6,349;2,331;298,535;0,998;1,013;1,000
210;1,607;0,061;2,221;2,882;160,684;6,105;2,221;288,156;1,195;0,974;0,953;2,1;1,341;0,063;2,331;2,983;134,066;6,349;2,331;298,291;0,997;1,013;1,000
220;1,620;0,060;2,209;2,868;162,027;5,983;2,209;286,813;1,205;0,955;0,948;2,2;1,341;0,063;2,331;2,985;134,066;6,349;2,331;298,535;0,997;1,013;1,000
230;1,631;0,060;2,197;2,855;163,126;5,983;2,197;285,470;1,213;0,955;0,943;2,3;1,341;0,063;2,331;2,984;134,066;6,349;2,331;298,413;0,997;1,013;1,000
240;1,640;0,060;2,184;2,840;163,980;5,983;2,184;284,005;1,220;0,955;0,937;2,4;1,341;0,063;2,331;2,985;134,066;6,349;2,331;298,535;0,997;1,013;1,000
250;1,647;0,060;2,172;2,825;164,713;5,983;2,172;282,540;1,225;0,955;0,932;2,5;1,341;0,063;2,330;2,984;134,066;6,349;2,330;298,413;0,997;1,013;1,000
260;1,652;0,059;2,160;2,812;165,201;5,861;2,160;281,197;1,229;0,935;0,927;2,6;1,342;0,063;2,331;2,983;134,188;6,349;2,331;298,291;0,998;1,013;1,000
270;1,653;0,059;2,147;2,797;165,324;5,861;2,147;279,731;1,230;0,935;0,921;2,7;1,341;0,063;2,331;2,985;134,066;6,349;2,331;298,535;0,997;1,013;1,000
280;1,653;0,057;2,136;2,781;165,324;5,739;2,136;278,144;1,230;0,916;0,917;2,8;1,341;0,063;2,330;2,984;134,066;6,349;2,330;298,413;0,997;1,013;1,000
290;1,652;0,057;2,122;2,767;165,201;5,739;2,122;276,679;1,229;0,916;0,911;2,9;1,341;0,063;2,331;2,984;134,066;6,349;2,331;298,413;0,997;1,013;1,000
300;1,648;0,056;2,110;2,751;164,835;5,617;2,110;275,092;1,226;0,896;0,906;3,0;1,341;0,063;2,331;2,985;134,066;6,349;2,331;298,535;0,997;1,013;1,000
310;1,643;0,056;2,096;2,735;164,347;5,617;2,096;273,504;1,223;0,896;0,900;3,1;1,341;0,063;2,331;2,984;134,066;6,349;2,331;298,413;0,997;1,013;1,000
320;1,637;0,056;2,084;2,719;163,736;5,617;2,084;271,917;1,218;0,896;0,895;3,2;1,341;0,062;2,331;2,984;134,066;6,227;2,331;298,413;0,997;0,993;1,000
330;1,630;0,055;2,072;2,705;163,004;5,495;2,072;270,452;1,213;0,877;0,889;3,3;1,342;0,063;2,331;2,984;134,188;6,349;2,331;298,413;0,998;1,013;1,000
340;1,621;0,055;2,059;2,689;162,149;5,495;2,059;268,864;1,206;0,877;0,884;3,4;1,341;0,063;2,331;2,984;134,066;6,349;2,331;298,413;0,997;1,013;1,000
350;1,612;0,055;2,046;2,673;161,172;5,495;2,046;267,277;1,199;0,877;0,878;3,5;1,341;0,063;2,331;2,984;134,066;6,349;2,331;298,413;0,997;1,013;1,000
360;1,602;0,054;2,034;2,658;160,195;5,372;2,034;265,812;1,192;0,857;0,873;3,6;1,342;0,063;2,330;2,985;134,188;6,349;2,330;298,535;0,998;1,013;1,000
370;1,592;0,054;2,022;2,642;159,219;5,372;2,022;264,225;1,184;0,857;0,868;3,7;1,341;0,062;2,330;2,984;134,066;6,227;2,330;298,413;0,997;0,993;1,000
380;1,581;0,053;2,010;2,626;158,120;5,250;2,010;262,637;1,176;0,838;0,863;3,8;1,341;0,063;2,331;2,985;134,066;6,349;2,331;298,535;0,997;1,013;1,000
390;1,570;0,053;1,998;2,612;157,021;5,250;1,998;261,172;1,168;0,838;0,857;;;;;;;;;;;;
400;1,558;0,053;1,985;2,597;155,800;5,250;1,985;259,707;1,159;0,838;0,852;;;;;;;;;;;;
410;1,547;0,051;1,973;2,581;154,701;5,128;1,973;258,120;1,151;0,818;0,847;;;;;;;;;;;;
420;1,536;0,051;1,961;2,567;153,602;5,128;1,961;256,654;1,143;0,818;0,842;;;;;;;;;;;;
430;1,524;0,051;1,949;2,552;152,381;5,128;1,949;255,189;1,134;0,818;0,836;;;;;;;;;;;;
440;1,512;0,050;1,937;2,537;151,160;5,006;1,937;253,724;1,124;0,799;0,831;;;;;;;;;;;;
450;1,499;0,050;1,926;2,523;149,939;5,006;1,926;252,259;1,115;0,799;0,826;;;;;;;;;;;;
460;1,488;0,050;1,915;2,508;148,840;5,006;1,915;250,794;1,107;0,799;0,822;;;;;;;;;;;;
470;1,476;0,049;1,902;2,495;147,619;4,884;1,902;249,451;1,098;0,779;0,816;;;;;;;;;;;;
480;1,464;0,049;1,891;2,479;146,398;4,884;1,891;247,863;1,089;0,779;0,812;;;;;;;;;;;;
490;1,453;0,048;1,880;2,465;145,299;4,762;1,880;246,520;1,081;0,760;0,807;;;;;;;;;;;;
500;1,441;0,048;1,868;2,452;144,078;4,762;1,868;245,177;1,072;0,760;0,802;;;;;;;;;;;;
510;1,429;0,048;1,857;2,437;142,857;4,762;1,857;243,712;1,063;0,760;0,797;;;;;;;;;;;;
520;1,418;0,046;1,846;2,425;141,758;4,640;1,846;242,491;1,054;0,740;0,792;;;;;;;;;;;;
530;1,407;0,046;1,835;2,410;140,659;4,640;1,835;241,026;1,046;0,740;0,788;;;;;;;;;;;;
540;1,396;0,046;1,824;2,397;139,560;4,640;1,824;239,683;1,038;0,740;0,783;;;;;;;;;;;;
550;1,385;0,045;1,814;2,385;138,462;4,518;1,814;238,462;1,030;0,721;0,779;;;;;;;;;;;;
560;1,374;0,045;1,803;2,371;137,363;4,518;1,803;237,118;1,022;0,721;0,774;;;;;;;;;;;;
570;1,363;0,045;1,794;2,359;136,264;4,518;1,794;235,897;1,014;0,721;0,770;;;;;;;;;;;;
580;1,353;0,044;1,784;2,347;135,287;4,396;1,784;234,676;1,006;0,701;0,766;;;;;;;;;;;;
590;1,342;0,044;1,773;2,335;134,188;4,396;1,773;233,455;0,998;0,701;0,761;;;;;;;;;;;;
600;1,332;0,044;1,763;2,321;133,211;4,396;1,763;232,112;0,991;0,701;0,757;;;;;;;;;;;;
610;1,321;0,044;1,753;2,309;132,112;4,396;1,753;230,891;0,983;0,701;0,753;;;;;;;;;;;;
620;1,311;0,043;1,744;2,297;131,136;4,274;1,744;229,670;0,975;0,682;0,748;;;;;;;;;;;;
630;1,302;0,043;1,734;2,286;130,159;4,274;1,734;228,571;0,968;0,682;0,744;;;;;;;;;;;;
640;1,292;0,043;1,724;2,275;129,182;4,274;1,724;227,473;0,961;0,682;0,740;;;;;;;;;;;;
650;1,283;0,042;1,716;2,263;128,327;4,151;1,716;226,252;0,955;0,662;0,736;;;;;;;;;;;;
660;1,274;0,042;1,706;2,252;127,350;4,151;1,706;225,153;0,947;0,662;0,732;;;;;;;;;;;;
670;1,264;0,042;1,697;2,241;126,374;4,151;1,697;224,054;0,940;0,662;0,728;;;;;;;;;;;;
680;1,255;0,040;1,687;2,230;125,519;4,029;1,687;222,955;0,934;0,643;0,724;;;;;;;;;;;;
690;1,245;0,040;1,679;2,219;124,542;4,029;1,679;221,856;0,926;0,643;0,721;;;;;;;;;;;;
700;1,237;0,040;1,670;2,208;123,687;4,029;1,670;220,757;0,920;0,643;0,717;;;;;;;;;;;;
710;1,230;0,040;1,662;2,198;122,955;4,029;1,662;219,780;0,915;0,643;0,713;;;;;;;;;;;;
720;1,220;0,040;1,653;2,187;121,978;4,029;1,653;218,681;0,907;0,643;0,710;;;;;;;;;;;;
730;1,211;0,039;1,645;2,176;121,123;3,907;1,645;217,582;0,901;0,623;0,706;;;;;;;;;;;;
740;1,204;0,039;1,636;2,166;120,391;3,907;1,636;216,606;0,896;0,623;0,702;;;;;;;;;;;;
750;1,195;0,039;1,628;2,156;119,536;3,907;1,628;215,629;0,889;0,623;0,699;;;;;;;;;;;;
760;1,187;0,039;1,620;2,148;118,681;3,907;1,620;214,774;0,883;0,623;0,695;;;;;;;;;;;;
770;1,179;0,039;1,612;2,137;117,949;3,907;1,612;213,675;0,877;0,623;0,692;;;;;;;;;;;;
780;1,171;0,038;1,604;2,127;117,094;3,785;1,604;212,698;0,871;0,604;0,689;;;;;;;;;;;;
790;1,164;0,038;1,597;2,118;116,361;3,785;1,597;211,844;0,866;0,604;0,685;;;;;;;;;;;;
800;1,156;0,038;1,589;2,110;115,629;3,785;1,589;210,989;0,860;0,604;0,682;;;;;;;;;;;;
810;1,149;0,037;1,581;2,100;114,896;3,663;1,581;210,012;0,855;0,584;0,679;;;;;;;;;;;;
820;1,142;0,037;1,573;2,090;114,164;3,663;1,573;209,035;0,849;0,584;0,675;;;;;;;;;;;;
830;1,136;0,037;1,565;2,082;113,553;3,663;1,565;208,181;0,845;0,584;0,672;;;;;;;;;;;;
840;1,128;0,037;1,558;2,073;112,821;3,663;1,558;207,326;0,839;0,584;0,669;;;;;;;;;;;;
850;1,121;0,037;1,551;2,065;112,088;3,663;1,551;206,471;0,834;0,584;0,666;;;;;;;;;;;;
860;1,114;0,037;1,545;2,056;111,355;3,663;1,545;205,617;0,828;0,584;0,663;;;;;;;;;;;;
870;1,107;0,035;1,537;2,048;110,745;3,541;1,537;204,762;0,824;0,565;0,660;;;;;;;;;;;;
880;1,100;0,035;1,530;2,040;110,012;3,541;1,530;204,029;0,818;0,565;0,657;;;;;;;;;;;;
890;1,094;0,035;1,523;2,032;109,402;3,541;1,523;203,175;0,814;0,565;0,653;;;;;;;;;;;;
900;1,087;0,035;1,515;2,023;108,669;3,541;1,515;202,320;0,808;0,565;0,650;;;;;;;;;;;;
910;1,081;0,034;1,509;2,015;108,059;3,419;1,509;201,465;0,804;0,545;0,648;;;;;;;;;;;;
920;1,074;0,035;1,502;2,007;107,448;3,541;1,502;200,733;0,799;0,565;0,645;;;;;;;;;;;;
930;1,068;0,034;1,497;2,000;106,838;3,419;1,497;200,000;0,795;0,545;0,642;;;;;;;;;;;;
940;1,062;0,034;1,490;1,993;106,227;3,419;1,490;199,267;0,790;0,545;0,639;;;;;;;;;;;;
950;1,056;0,034;1,482;1,985;105,617;3,419;1,482;198,535;0,786;0,545;0,636;;;;;;;;;;;;
960;1,050;0,034;1,477;1,978;105,006;3,419;1,477;197,802;0,781;0,545;0,634;;;;;;;;;;;;
970;1,045;0,033;1,470;1,971;104,518;3,297;1,470;197,070;0,777;0,526;0,631;;;;;;;;;;;;
980;1,039;0,033;1,465;1,963;103,907;3,297;1,465;196,337;0,773;0,526;0,629;;;;;;;;;;;;
990;1,033;0,033;1,458;1,955;103,297;3,297;1,458;195,482;0,768;0,526;0,626;;;;;;;;;;;;
1000;1,028;0,033;1,452;1,949;102,808;3,297;1,452;194,872;0,765;0,526;0,623;;;;;;;;;;;;
1010;1,022;0,032;1,446;1,941;102,198;3,175;1,446;194,139;0,760;0,506;0,620;;;;;;;;;;;;
1020;1,017;0,033;1,441;1,935;101,709;3,297;1,441;193,529;0,757;0,526;0,618;;;;;;;;;;;;
1030;1,011;0,033;1,435;1,928;101,099;3,297;1,435;192,796;0,752;0,526;0,616;;;;;;;;;;;;
1040;1,006;0,032;1,429;1,922;100,611;3,175;1,429;192,186;0,748;0,506;0,613;;;;;;;;;;;;
1050;1,000;0,032;1,424;1,916;100,000;3,175;1,424;191,575;0,744;0,506;0,611;;;;;;;;;;;;
1060;0,995;0,033;1,416;1,907;99,512;3,297;1,416;190,720;0,740;0,526;0,608;;;;;;;;;;;;
1070;0,989;0,032;1,411;1,901;98,901;3,175;1,411;190,110;0,736;0,506;0,606;;;;;;;;;;;;
1080;0,983;0,032;1,405;1,895;98,291;3,175;1,405;189,499;0,731;0,506;0,603;;;;;;;;;;;;
1090;0,977;0,032;1,400;1,889;97,680;3,175;1,400;188,889;0,727;0,506;0,601;;;;;;;;;;;;
1100;0,972;0,032;1,394;1,883;97,192;3,175;1,394;188,278;0,723;0,506;0,598;;;;;;;;;;;;
1110;0,967;0,031;1,388;1,875;96,703;3,053;1,388;187,546;0,719;0,487;0,596;;;;;;;;;;;;
1120;0,962;0,031;1,382;1,871;96,215;3,053;1,382;187,057;0,716;0,487;0,593;;;;;;;;;;;;
1130;0,957;0,031;1,377;1,864;95,727;3,053;1,377;186,447;0,712;0,487;0,591;;;;;;;;;;;;
1140;0,952;0,032;1,372;1,857;95,238;3,175;1,372;185,714;0,708;0,506;0,589;;;;;;;;;;;;
1150;0,947;0,031;1,366;1,851;94,750;3,053;1,366;185,104;0,705;0,487;0,586;;;;;;;;;;;;
1160;0,943;0,031;1,361;1,845;94,261;3,053;1,361;184,493;0,701;0,487;0,584;;;;;;;;;;;;
1170;0,938;0,031;1,354;1,840;93,773;3,053;1,354;184,005;0,698;0,487;0,581;;;;;;;;;;;;
1180;0,933;0,031;1,350;1,834;93,285;3,053;1,350;183,394;0,694;0,487;0,580;;;;;;;;;;;;
1190;0,928;0,031;1,344;1,828;92,796;3,053;1,344;182,784;0,690;0,487;0,577;;;;;;;;;;;;
1200;0,921;0,031;1,338;1,819;92,064;3,053;1,338;181,929;0,685;0,487;0,574;;;;;;;;;;;;
1210;0,913;0,031;1,330;1,813;91,331;3,053;1,330;181,319;0,679;0,487;0,571;;;;;;;;;;;;
1220;0,905;0,031;1,322;1,805;90,476;3,053;1,322;180,464;0,673;0,487;0,568;;;;;;;;;;;;
1230;0,895;0,031;1,313;1,797;89,499;3,053;1,313;179,731;0,666;0,487;0,563;;;;;;;;;;;;
1240;0,884;0,029;1,302;1,786;88,401;2,930;1,302;178,632;0,658;0,468;0,559;;;;;;;;;;;;
1250;0,874;0,029;1,292;1,775;87,424;2,930;1,292;177,534;0,650;0,468;0,554;;;;;;;;;;;;
1260;0,866;0,029;1,280;1,764;86,569;2,930;1,280;176,435;0,644;0,468;0,549;;;;;;;;;;;;
1270;0,857;0,029;1,269;1,753;85,714;2,930;1,269;175,336;0,638;0,468;0,544;;;;;;;;;;;;
1280;0,847;0,029;1,255;1,742;84,737;2,930;1,255;174,237;0,630;0,468;0,539;;;;;;;;;;;;
1290;0,838;0,028;1,244;1,729;83,761;2,808;1,244;172,894;0,623;0,448;0,534;;;;;;;;;;;;
1300;0,829;0,028;1,232;1,717;82,906;2,808;1,232;171,673;0,617;0,448;0,529;;;;;;;;;;;;
1310;0,818;0,027;1,219;1,705;81,807;2,686;1,219;170,452;0,609;0,429;0,523;;;;;;;;;;;;
1320;0,808;0,027;1,205;1,691;80,830;2,686;1,205;169,109;0,601;0,429;0,517;;;;;;;;;;;;
1330;0,799;0,027;1,193;1,678;79,853;2,686;1,193;167,766;0,594;0,429;0,512;;;;;;;;;;;;
1340;0,788;0,027;1,181;1,664;78,755;2,686;1,181;166,422;0,586;0,429;0,507;;;;;;;;;;;;
1350;0,778;0,026;1,167;1,651;77,778;2,564;1,167;165,079;0,579;0,409;0,501;;;;;;;;;;;;
1360;0,768;0,026;1,154;1,637;76,801;2,564;1,154;163,736;0,571;0,409;0,495;;;;;;;;;;;;
1370;0,758;0,024;1,143;1,624;75,824;2,442;1,143;162,393;0,564;0,390;0,490;;;;;;;;;;;;
1380;0,748;0,024;1,129;1,611;74,847;2,442;1,129;161,050;0,557;0,390;0,485;;;;;;;;;;;;
1390;0,740;0,024;1,116;1,597;73,993;2,442;1,116;159,707;0,550;0,390;0,479;;;;;;;;;;;;
1400;0,729;0,023;1,104;1,584;72,894;2,320;1,104;158,364;0,542;0,370;0,474;;;;;;;;;;;;
1410;0,720;0,023;1,092;1,570;72,039;2,320;1,092;157,021;0,536;0,370;0,468;;;;;;;;;;;;
1420;0,711;0,023;1,079;1,558;71,062;2,320;1,079;155,800;0,529;0,370;0,463;;;;;;;;;;;;
1430;0,702;0,023;1,067;1,545;70,208;2,320;1,067;154,457;0,522;0,370;0,458;;;;;;;;;;;;
1440;0,694;0,022;1,056;1,532;69,353;2,198;1,056;153,236;0,516;0,351;0,453;;;;;;;;;;;;
1450;0,685;0,022;1,044;1,520;68,498;2,198;1,044;152,015;0,510;0,351;0,448;;;;;;;;;;;;
1460;0,676;0,022;1,033;1,508;67,644;2,198;1,033;150,794;0,503;0,351;0,443;;;;;;;;;;;;
1470;0,668;0,022;1,022;1,496;66,789;2,198;1,022;149,573;0,497;0,351;0,439;;;;;;;;;;;;
1480;0,659;0,021;1,011;1,485;65,934;2,076;1,011;148,474;0,490;0,331;0,434;;;;;;;;;;;;
1490;0,652;0,021;1,000;1,473;65,201;2,076;1,000;147,253;0,485;0,331;0,429;;;;;;;;;;;;
1500;0,645;0,021;0,989;1,460;64,469;2,076;0,989;146,032;0,480;0,331;0,424;;;;;;;;;;;;
1510;0,636;0,020;0,979;1,449;63,614;1,954;0,979;144,933;0,473;0,312;0,420;;;;;;;;;;;;
1520;0,629;0,021;0,968;1,440;62,882;2,076;0,968;143,956;0,468;0,331;0,416;;;;;;;;;;;;
1530;0,621;0,020;0,958;1,429;62,149;1,954;0,958;142,857;0,462;0,312;0,411;;;;;;;;;;;;
1540;0,614;0,020;0,950;1,418;61,416;1,954;0,950;141,758;0,457;0,312;0,408;;;;;;;;;;;;
1550;0,608;0,020;0,940;1,408;60,806;1,954;0,940;140,781;0,452;0,312;0,404;;;;;;;;;;;;
1560;0,601;0,018;0,930;1,398;60,073;1,832;0,930;139,805;0,447;0,292;0,399;;;;;;;;;;;;
1570;0,595;0,018;0,922;1,388;59,463;1,832;0,922;138,828;0,442;0,292;0,396;;;;;;;;;;;;
1580;0,589;0,018;0,913;1,380;58,852;1,832;0,913;137,973;0,438;0,292;0,392;;;;;;;;;;;;
1590;0,582;0,018;0,904;1,370;58,242;1,832;0,904;136,996;0,433;0,292;0,388;;;;;;;;;;;;
1600;0,576;0,018;0,895;1,360;57,631;1,832;0,895;136,020;0,429;0,292;0,384;;;;;;;;;;;;
1610;0,570;0,018;0,886;1,353;57,021;1,832;0,886;135,287;0,424;0,292;0,380;;;;;;;;;;;;
1620;0,564;0,017;0,878;1,343;56,410;1,709;0,878;134,310;0,420;0,273;0,377;;;;;;;;;;;;
1630;0,559;0,017;0,869;1,336;55,922;1,709;0,869;133,578;0,416;0,273;0,373;;;;;;;;;;;;
1640;0,554;0,017;0,862;1,327;55,434;1,709;0,862;132,723;0,412;0,273;0,370;;;;;;;;;;;;
1650;0,548;0,017;0,853;1,320;54,823;1,709;0,853;131,990;0,408;0,273;0,366;;;;;;;;;;;;
1660;0,543;0,016;0,846;1,311;54,335;1,587;0,846;131,136;0,404;0,253;0,363;;;;;;;;;;;;
1670;0,538;0,016;0,839;1,304;53,846;1,587;0,839;130,403;0,401;0,253;0,360;;;;;;;;;;;;
1680;0,534;0,016;0,832;1,297;53,358;1,587;0,832;129,670;0,397;0,253;0,357;;;;;;;;;;;;
1690;0,529;0,016;0,824;1,289;52,869;1,587;0,824;128,938;0,393;0,253;0,354;;;;;;;;;;;;
1700;0,524;0,016;0,818;1,282;52,381;1,587;0,818;128,205;0,390;0,253;0,351;;;;;;;;;;;;
1710;0,520;0,016;0,811;1,274;52,015;1,587;0,811;127,350;0,387;0,253;0,348;;;;;;;;;;;;
1720;0,515;0,016;0,805;1,267;51,526;1,587;0,805;126,740;0,383;0,253;0,345;;;;;;;;;;;;
1730;0,512;0,015;0,799;1,261;51,160;1,465;0,799;126,129;0,381;0,234;0,343;;;;;;;;;;;;
1740;0,508;0,015;0,792;1,255;50,794;1,465;0,792;125,519;0,378;0,234;0,340;;;;;;;;;;;;
1750;0,503;0,015;0,785;1,250;50,305;1,465;0,785;125,031;0,374;0,234;0,337;;;;;;;;;;;;
1760;0,499;0,015;0,779;1,244;49,939;1,465;0,779;124,420;0,371;0,234;0,334;;;;;;;;;;;;
1770;0,496;0,015;0,773;1,238;49,573;1,465;0,773;123,810;0,369;0,234;0,332;;;;;;;;;;;;
1780;0,492;0,015;0,768;1,232;49,206;1,465;0,768;123,199;0,366;0,234;0,330;;;;;;;;;;;;
1790;0,488;0,015;0,762;1,227;48,840;1,465;0,762;122,711;0,363;0,234;0,327;;;;;;;;;;;;
1800;0,485;0,015;0,757;1,222;48,474;1,465;0,757;122,222;0,361;0,234;0,325;;;;;;;;;;;;
1810;0,482;0,013;0,752;1,217;48,229;1,343;0,752;121,734;0,359;0,214;0,323;;;;;;;;;;;;
1820;0,479;0,013;0,746;1,212;47,863;1,343;0,746;121,245;0,356;0,214;0,320;;;;;;;;;;;;
1830;0,476;0,013;0,741;1,206;47,619;1,343;0,741;120,635;0,354;0,214;0,318;;;;;;;;;;;;
1840;0,473;0,013;0,735;1,203;47,253;1,343;0,735;120,269;0,351;0,214;0,315;;;;;;;;;;;;
1850;0,470;0,013;0,731;1,197;47,008;1,343;0,731;119,658;0,350;0,214;0,314;;;;;;;;;;;;
1860;0,466;0,013;0,726;1,192;46,642;1,343;0,726;119,170;0,347;0,214;0,312;;;;;;;;;;;;
1870;0,464;0,013;0,722;1,188;46,398;1,343;0,722;118,803;0,345;0,214;0,310;;;;;;;;;;;;
1880;0,462;0,013;0,718;1,184;46,154;1,343;0,718;118,437;0,343;0,214;0,308;;;;;;;;;;;;
1890;0,458;0,013;0,713;1,179;45,787;1,343;0,713;117,949;0,341;0,214;0,306;;;;;;;;;;;;
1900;0,455;0,012;0,708;1,175;45,543;1,221;0,708;117,460;0,339;0,195;0,304;;;;;;;;;;;;
1910;0,453;0,012;0,705;1,172;45,299;1,221;0,705;117,216;0,337;0,195;0,302;;;;;;;;;;;;
1920;0,451;0,012;0,701;1,167;45,055;1,221;0,701;116,728;0,335;0,195;0,301;;;;;;;;;;;;
1930;0,448;0,012;0,696;1,164;44,811;1,221;0,696;116,361;0,333;0,195;0,299;;;;;;;;;;;;
1940;0,447;0,012;0,692;1,160;44,689;1,221;0,692;115,995;0,332;0,195;0,297;;;;;;;;;;;;
1950;0,444;0,012;0,689;1,156;44,444;1,221;0,689;115,629;0,331;0,195;0,296;;;;;;;;;;;;
1960;0,442;0,012;0,685;1,153;44,200;1,221;0,685;115,263;0,329;0,195;0,294;;;;;;;;;;;;
1970;0,440;0,012;0,681;1,149;43,956;1,221;0,681;114,896;0,327;0,195;0,292;;;;;;;;;;;;
1980;0,437;0,012;0,678;1,147;43,712;1,221;0,678;114,652;0,325;0,195;0,291;;;;;;;;;;;;
1990;0,436;0,012;0,674;1,143;43,590;1,221;0,674;114,286;0,324;0,195;0,289;;;;;;;;;;;;
2000;0,435;0,011;0,672;1,139;43,468;1,099;0,672;113,919;0,323;0,175;0,288;;;;;;;;;;;;
2010;0,432;0,012;0,668;1,137;43,223;1,221;0,668;113,675;0,322;0,195;0,287;;;;;;;;;;;;
2020;0,430;0,012;0,664;1,134;42,979;1,221;0,664;113,431;0,320;0,195;0,285;;;;;;;;;;;;
2030;0,429;0,012;0,662;1,131;42,857;1,221;0,662;113,065;0,319;0,195;0,284;;;;;;;;;;;;
2040;0,426;0,012;0,659;1,128;42,613;1,221;0,659;112,821;0,317;0,195;0,283;;;;;;;;;;;;
2050;0,425;0,011;0,656;1,125;42,491;1,099;0,656;112,454;0,316;0,175;0,281;;;;;;;;;;;;
2060;0,424;0,011;0,653;1,122;42,369;1,099;0,653;112,210;0,315;0,175;0,280;;;;;;;;;;;;
2070;0,421;0,011;0,651;1,120;42,124;1,099;0,651;111,966;0,313;0,175;0,279;;;;;;;;;;;;
2080;0,420;0,011;0,647;1,117;42,002;1,099;0,647;111,722;0,312;0,175;0,278;;;;;;;;;;;;
2090;0,419;0,011;0,645;1,115;41,880;1,099;0,645;111,477;0,312;0,175;0,277;;;;;;;;;;;;
2100;0,418;0,011;0,642;1,112;41,758;1,099;0,642;111,233;0,311;0,175;0,276;;;;;;;;;;;;
2110;0,416;0,011;0,640;1,110;41,636;1,099;0,640;110,989;0,310;0,175;0,275;;;;;;;;;;;;
2120;0,415;0,011;0,637;1,107;41,514;1,099;0,637;110,745;0,309;0,175;0,274;;;;;;;;;;;;
2130;0,413;0,011;0,635;1,105;41,270;1,099;0,635;110,501;0,307;0,175;0,272;;;;;;;;;;;;
2140;0,411;0,011;0,632;1,104;41,148;1,099;0,632;110,379;0,306;0,175;0,271;;;;;;;;;;;;
2150;0,410;0,011;0,630;1,101;41,026;1,099;0,630;110,134;0,305;0,175;0,270;;;;;;;;;;;;
2160;0,409;0,011;0,628;1,099;40,904;1,099;0,628;109,890;0,304;0,175;0,269;;;;;;;;;;;;
2170;0,408;0,011;0,626;1,098;40,781;1,099;0,626;109,768;0,303;0,175;0,269;;;;;;;;;;;;
2180;0,407;0,011;0,625;1,096;40,659;1,099;0,625;109,646;0,302;0,175;0,268;;;;;;;;;;;;
2190;0,407;0,011;0,621;1,094;40,659;1,099;0,621;109,402;0,302;0,175;0,267;;;;;;;;;;;;
2200;0,405;0,011;0,620;1,093;40,537;1,099;0,620;109,280;0,302;0,175;0,266;;;;;;;;;;;;
2210;0,404;0,011;0,618;1,092;40,415;1,099;0,618;109,158;0,301;0,175;0,265;;;;;;;;;;;;
2220;0,403;0,011;0,617;1,089;40,293;1,099;0,617;108,913;0,300;0,175;0,265;;;;;;;;;;;;
2230;0,402;0,010;0,614;1,087;40,171;0,977;0,614;108,669;0,299;0,156;0,264;;;;;;;;;;;;
2240;0,400;0,011;0,613;1,085;40,049;1,099;0,613;108,547;0,298;0,175;0,263;;;;;;;;;;;;
2250;0,400;0,010;0,612;1,083;40,049;0,977;0,612;108,303;0,298;0,156;0,263;;;;;;;;;;;;
2260;0,399;0,011;0,609;1,082;39,927;1,099;0,609;108,181;0,297;0,175;0,261;;;;;;;;;;;;
2270;0,398;0,010;0,608;1,081;39,805;0,977;0,608;108,059;0,296;0,156;0,261;;;;;;;;;;;;
2280;0,397;0,010;0,606;1,079;39,682;0,977;0,606;107,937;0,295;0,156;0,260;;;;;;;;;;;;
2290;0,396;0,010;0,604;1,077;39,560;0,977;0,604;107,692;0,294;0,156;0,259;;;;;;;;;;;;
2300;0,396;0,010;0,603;1,077;39,560;0,977;0,603;107,692;0,294;0,156;0,259;;;;;;;;;;;;
2310;0,394;0,010;0,602;1,076;39,438;0,977;0,602;107,570;0,293;0,156;0,258;;;;;;;;;;;;
2320;0,394;0,011;0,601;1,073;39,438;1,099;0,601;107,326;0,293;0,175;0,258;;;;;;;;;;;;
2330;0,393;0,010;0,598;1,073;39,316;0,977;0,598;107,326;0,292;0,156;0,257;;;;;;;;;;;;
2340;0,392;0,010;0,598;1,072;39,194;0,977;0,598;107,204;0,292;0,156;0,257;;;;;;;;;;;;
2350;0,392;0,010;0,596;1,071;39,194;0,977;0,596;107,082;0,292;0,156;0,256;;;;;;;;;;;;
2360;0,391;0,010;0,596;1,070;39,072;0,977;0,596;106,960;0,291;0,156;0,256;;;;;;;;;;;;
2370;0,391;0,010;0,593;1,068;39,072;0,977;0,593;106,838;0,291;0,156;0,255;;;;;;;;;;;;
2380;0,389;0,010;0,592;1,067;38,950;0,977;0,592;106,716;0,290;0,156;0,254;;;;;;;;;;;;
2390;0,388;0,010;0,591;1,066;38,828;0,977;0,591;106,593;0,289;0,156;0,254;;;;;;;;;;;;
2400;0,388;0,010;0,590;1,066;38,828;0,977;0,590;106,593;0,289;0,156;0,253;;;;;;;;;;;;
2410;0,387;0,010;0,589;1,065;38,706;0,977;0,589;106,471;0,288;0,156;0,253;;;;;;;;;;;;
2420;0,407;0,007;0,609;1,065;40,659;0,733;0,609;106,471;0,302;0,117;0,261;;;;;;;;;;;;
2430;0,465;0,005;0,647;1,078;46,520;0,488;0,647;107,814;0,346;0,078;0,278;;;;;;;;;;;;
2440;0,514;0,005;0,678;1,099;51,404;0,488;0,678;109,890;0,382;0,078;0,291;;;;;;;;;;;;
2450;0,526;0,006;0,689;1,118;52,625;0,611;0,689;111,844;0,391;0,097;0,296;;;;;;;;;;;;
2460;0,520;0,009;0,695;1,134;52,015;0,855;0,695;113,431;0,387;0,136;0,298;;;;;;;;;;;;
2470;0,504;0,010;0,698;1,142;50,427;0,977;0,698;114,164;0,375;0,156;0,300;;;;;;;;;;;;
2480;0,490;0,010;0,698;1,145;48,962;0,977;0,698;114,530;0,364;0,156;0,300;;;;;;;;;;;;
2490;0,480;0,011;0,702;1,147;47,985;1,099;0,702;114,652;0,357;0,175;0,301;;;;;;;;;;;;
2500;0,473;0,011;0,706;1,149;47,253;1,099;0,706;114,896;0,351;0,175;0,303;;;;;;;;;;;;
2510;0,469;0,011;0,711;1,153;46,886;1,099;0,711;115,263;0,349;0,175;0,305;;;;;;;;;;;;
2520;0,469;0,011;0,717;1,158;46,886;1,099;0,717;115,751;0,349;0,175;0,308;;;;;;;;;;;;
2530;0,471;0,011;0,726;1,164;47,131;1,099;0,726;116,361;0,351;0,175;0,312;;;;;;;;;;;;
2540;0,475;0,012;0,735;1,169;47,497;1,221;0,735;116,850;0,353;0,195;0,315;;;;;;;;;;;;
2550;0,479;0,012;0,746;1,178;47,863;1,221;0,746;117,827;0,356;0,195;0,320;;;;;;;;;;;;
2560;0,485;0,012;0,756;1,186;48,474;1,221;0,756;118,559;0,361;0,195;0,324;;;;;;;;;;;;
2570;0,491;0,012;0,768;1,195;49,084;1,221;0,768;119,536;0,365;0,195;0,330;;;;;;;;;;;;
2580;0,498;0,012;0,779;1,205;49,817;1,221;0,779;120,513;0,371;0,195;0,334;;;;;;;;;;;;
2590;0,505;0,013;0,792;1,215;50,550;1,343;0,792;121,490;0,376;0,214;0,340;;;;;;;;;;;;
2600;0,513;0,012;0,806;1,226;51,282;1,221;0,806;122,589;0,381;0,195;0,346;;;;;;;;;;;;
2610;0,521;0,013;0,819;1,237;52,137;1,343;0,819;123,687;0,388;0,214;0,352;;;;;;;;;;;;
2620;0,530;0,013;0,833;1,249;52,992;1,343;0,833;124,908;0,394;0,214;0,357;;;;;;;;;;;;
2630;0,538;0,015;0,849;1,261;53,846;1,465;0,849;126,129;0,401;0,234;0,364;;;;;;;;;;;;
2640;0,547;0,015;0,863;1,274;54,701;1,465;0,863;127,350;0,407;0,234;0,370;;;;;;;;;;;;
2650;0,558;0,015;0,877;1,287;55,800;1,465;0,877;128,694;0,415;0,234;0,376;;;;;;;;;;;;
2660;0,567;0,015;0,893;1,302;56,654;1,465;0,893;130,159;0,421;0,234;0,383;;;;;;;;;;;;
2670;0,578;0,016;0,907;1,315;57,753;1,587;0,907;131,502;0,430;0,253;0,389;;;;;;;;;;;;
2680;0,587;0,016;0,923;1,330;58,730;1,587;0,923;132,967;0,437;0,253;0,396;;;;;;;;;;;;
2690;0,598;0,016;0,940;1,344;59,829;1,587;0,940;134,432;0,445;0,253;0,404;;;;;;;;;;;;
2700;0,609;0,016;0,956;1,360;60,928;1,587;0,956;136,020;0,453;0,253;0,410;;;;;;;;;;;;
2710;0,621;0,017;0,972;1,376;62,149;1,709;0,972;137,607;0,462;0,273;0,417;;;;;;;;;;;;
2720;0,632;0,017;0,989;1,391;63,248;1,709;0,989;139,072;0,470;0,273;0,424;;;;;;;;;;;;
2730;0,645;0,017;1,005;1,407;64,469;1,709;1,005;140,659;0,480;0,273;0,431;;;;;;;;;;;;
2740;0,656;0,018;1,024;1,424;65,568;1,832;1,024;142,369;0,488;0,292;0,440;;;;;;;;;;;;
2750;0,669;0,018;1,040;1,441;66,911;1,832;1,040;144,078;0,498;0,292;0,446;;;;;;;;;;;;
2760;0,680;0,018;1,057;1,458;68,010;1,832;1,057;145,788;0,506;0,292;0,454;;;;;;;;;;;;
2770;0,694;0,020;1,074;1,476;69,353;1,954;1,074;147,619;0,516;0,312;0,461;;;;;;;;;;;;
2780;0,706;0,020;1,092;1,493;70,574;1,954;1,092;149,328;0,525;0,312;0,468;;;;;;;;;;;;
2790;0,719;0,021;1,110;1,510;71,917;2,076;1,110;151,038;0,535;0,331;0,476;;;;;;;;;;;;
2800;0,733;0,021;1,128;1,529;73,260;2,076;1,128;152,869;0,545;0,331;0,484;;;;;;;;;;;;
2810;0,746;0,021;1,145;1,547;74,603;2,076;1,145;154,701;0,555;0,331;0,492;;;;;;;;;;;;
2820;0,759;0,021;1,162;1,565;75,946;2,076;1,162;156,532;0,565;0,331;0,499;;;;;;;;;;;;
2830;0,773;0,022;1,179;1,584;77,289;2,198;1,179;158,364;0,575;0,351;0,506;;;;;;;;;;;;
2840;0,786;0,022;1,198;1,603;78,633;2,198;1,198;160,317;0,585;0,351;0,514;;;;;;;;;;;;
2850;0,801;0,023;1,216;1,619;80,098;2,320;1,216;161,905;0,596;0,370;0,522;;;;;;;;;;;;
2860;0,816;0,024;1,233;1,639;81,563;2,442;1,233;163,858;0,607;0,390;0,529;;;;;;;;;;;;
2870;0,829;0,024;1,252;1,658;82,906;2,442;1,252;165,812;0,617;0,390;0,537;;;;;;;;;;;;
2880;0,844;0,024;1,269;1,678;84,371;2,442;1,269;167,766;0,628;0,390;0,544;;;;;;;;;;;;
2890;0,858;0,026;1,286;1,695;85,836;2,564;1,286;169,475;0,639;0,409;0,552;;;;;;;;;;;;
2900;0,873;0,026;1,304;1,716;87,302;2,564;1,304;171,551;0,649;0,409;0,560;;;;;;;;;;;;
2910;0,886;0,026;1,321;1,734;88,645;2,564;1,321;173,382;0,659;0,409;0,567;;;;;;;;;;;;
2920;0,901;0,027;1,338;1,755;90,110;2,686;1,338;175,458;0,670;0,429;0,574;;;;;;;;;;;;
2930;0,917;0,027;1,357;1,772;91,697;2,686;1,357;177,167;0,682;0,429;0,582;;;;;;;;;;;;
2940;0,930;0,028;1,374;1,791;93,040;2,808;1,374;179,121;0,692;0,448;0,590;;;;;;;;;;;;
2950;0,946;0,028;1,390;1,811;94,628;2,808;1,390;181,074;0,704;0,448;0,596;;;;;;;;;;;;
2960;0,962;0,028;1,411;1,830;96,215;2,808;1,411;183,028;0,716;0,448;0,606;;;;;;;;;;;;
2970;0,977;0,028;1,425;1,849;97,680;2,808;1,425;184,860;0,727;0,448;0,612;;;;;;;;;;;;
2980;0,991;0,029;1,443;1,869;99,145;2,930;1,443;186,935;0,738;0,468;0,619;;;;;;;;;;;;
2990;1,007;0,031;1,460;1,888;100,733;3,053;1,460;188,767;0,749;0,487;0,627;;;;;;;;;;;;
3000;1,022;0,031;1,477;1,908;102,198;3,053;1,477;190,842;0,760;0,487;0,634;;;;;;;;;;;;
3010;1,038;0,031;1,496;1,928;103,785;3,053;1,496;192,796;0,772;0,487;0,642;;;;;;;;;;;;
3020;1,054;0,031;1,510;1,948;105,372;3,053;1,510;194,750;0,784;0,487;0,648;;;;;;;;;;;;
3030;1,068;0,032;1,529;1,966;106,838;3,175;1,529;196,581;0,795;0,506;0,656;;;;;;;;;;;;
3040;1,084;0,032;1,545;1,984;108,425;3,175;1,545;198,413;0,807;0,506;0,663;;;;;;;;;;;;
3050;1,100;0,033;1,562;2,005;110,012;3,297;1,562;200,488;0,818;0,526;0,670;;;;;;;;;;;;
3060;1,116;0,034;1,578;2,024;111,600;3,419;1,578;202,442;0,830;0,545;0,677;;;;;;;;;;;;
3070;1,131;0,034;1,595;2,043;113,065;3,419;1,595;204,274;0,841;0,545;0,684;;;;;;;;;;;;
3080;1,147;0,034;1,609;2,062;114,652;3,419;1,609;206,227;0,853;0,545;0,691;;;;;;;;;;;;
3090;1,162;0,035;1,628;2,081;116,239;3,541;1,628;208,059;0,865;0,565;0,699;;;;;;;;;;;;
3100;1,178;0,035;1,641;2,101;117,827;3,541;1,641;210,134;0,876;0,565;0,704;;;;;;;;;;;;
3110;1,194;0,037;1,661;2,120;119,414;3,663;1,661;211,966;0,888;0,584;0,713;;;;;;;;;;;;
3120;1,210;0,038;1,676;2,138;121,001;3,785;1,676;213,797;0,900;0,604;0,719;;;;;;;;;;;;
3130;1,226;0,038;1,692;2,159;122,589;3,785;1,692;215,873;0,912;0,604;0,726;;;;;;;;;;;;
3140;1,242;0,038;1,707;2,176;124,176;3,785;1,707;217,582;0,924;0,604;0,733;;;;;;;;;;;;
3150;1,256;0,039;1,724;2,195;125,641;3,907;1,724;219,536;0,935;0,623;0,740;;;;;;;;;;;;
3160;1,272;0,039;1,739;2,216;127,228;3,907;1,739;221,612;0,946;0,623;0,746;;;;;;;;;;;;
3170;1,288;0,039;1,756;2,233;128,816;3,907;1,756;223,321;0,958;0,623;0,754;;;;;;;;;;;;
3180;1,304;0,040;1,770;2,252;130,403;4,029;1,770;225,153;0,970;0,643;0,760;;;;;;;;;;;;
3190;1,320;0,040;1,789;2,270;131,990;4,029;1,789;226,984;0,982;0,643;0,768;;;;;;;;;;;;
3200;1,336;0,042;1,801;2,291;133,578;4,151;1,801;229,060;0,994;0,662;0,773;;;;;;;;;;;;
3210;1,352;0,042;1,817;2,309;135,165;4,151;1,817;230,891;1,005;0,662;0,780;;;;;;;;;;;;
3220;1,368;0,043;1,833;2,326;136,752;4,274;1,833;232,601;1,017;0,682;0,787;;;;;;;;;;;;
3230;1,383;0,043;1,849;2,344;138,339;4,274;1,849;234,432;1,029;0,682;0,793;;;;;;;;;;;;
3240;1,398;0,044;1,863;2,364;139,805;4,396;1,863;236,386;1,040;0,701;0,800;;;;;;;;;;;;
3250;1,414;0,044;1,878;2,382;141,392;4,396;1,878;238,217;1,052;0,701;0,806;;;;;;;;;;;;
3260;1,430;0,045;1,894;2,400;142,979;4,518;1,894;240,049;1,064;0,721;0,813;;;;;;;;;;;;
3270;1,444;0,045;1,906;2,418;144,444;4,518;1,906;241,758;1,074;0,721;0,818;;;;;;;;;;;;
3280;1,460;0,045;1,924;2,435;146,032;4,518;1,924;243,468;1,086;0,721;0,826;;;;;;;;;;;;
3290;1,474;0,046;1,938;2,453;147,375;4,640;1,938;245,299;1,096;0,740;0,832;;;;;;;;;;;;
3300;1,490;0,046;1,950;2,470;148,962;4,640;1,950;247,009;1,108;0,740;0,837;;;;;;;;;;;;
3310;1,504;0,046;1,966;2,490;150,427;4,640;1,966;248,962;1,119;0,740;0,844;;;;;;;;;;;;
3320;1,519;0,048;1,980;2,507;151,893;4,762;1,980;250,672;1,130;0,760;0,850;;;;;;;;;;;;
3330;1,532;0,049;1,993;2,523;153,236;4,884;1,993;252,259;1,140;0,779;0,855;;;;;;;;;;;;
3340;1,546;0,049;2,006;2,542;154,579;4,884;2,006;254,212;1,150;0,779;0,861;;;;;;;;;;;;
3350;1,559;0,049;2,021;2,559;155,922;4,884;2,021;255,922;1,160;0,779;0,867;;;;;;;;;;;;
3360;1,573;0,050;2,037;2,575;157,265;5,006;2,037;257,509;1,170;0,799;0,874;;;;;;;;;;;;
3370;1,585;0,050;2,051;2,592;158,486;5,006;2,051;259,219;1,179;0,799;0,880;;;;;;;;;;;;
3380;1,597;0,050;2,063;2,611;159,707;5,006;2,063;261,050;1,188;0,799;0,886;;;;;;;;;;;;
3390;1,608;0,051;2,077;2,626;160,806;5,128;2,077;262,637;1,196;0,818;0,891;;;;;;;;;;;;
3400;1,618;0,053;2,094;2,645;161,783;5,250;2,094;264,469;1,203;0,838;0,899;;;;;;;;;;;;
3410;1,628;0,053;2,104;2,662;162,759;5,250;2,104;266,178;1,211;0,838;0,903;;;;;;;;;;;;
3420;1,635;0,054;2,117;2,678;163,492;5,372;2,117;267,766;1,216;0,857;0,909;;;;;;;;;;;;
3430;1,642;0,054;2,128;2,695;164,225;5,372;2,128;269,475;1,222;0,857;0,913;;;;;;;;;;;;
3440;1,647;0,054;2,144;2,712;164,713;5,372;2,144;271,184;1,225;0,857;0,920;;;;;;;;;;;;
3450;1,651;0,055;2,158;2,727;165,079;5,495;2,158;272,650;1,228;0,877;0,926;;;;;;;;;;;;
3460;1,653;0,055;2,170;2,745;165,324;5,495;2,170;274,481;1,230;0,877;0,931;;;;;;;;;;;;
3470;1,653;0,056;2,182;2,759;165,324;5,617;2,182;275,946;1,230;0,896;0,936;;;;;;;;;;;;
3480;1,651;0,056;2,195;2,778;165,079;5,617;2,195;277,778;1,228;0,896;0,942;;;;;;;;;;;;
3490;1,645;0,056;2,208;2,792;164,469;5,617;2,208;279,243;1,223;0,896;0,947;;;;;;;;;;;;
3500;1,637;0,057;2,221;2,808;163,736;5,739;2,221;280,830;1,218;0,916;0,953;;;;;;;;;;;;
3510;1,628;0,057;2,232;2,825;162,759;5,739;2,232;282,540;1,211;0,916;0,958;;;;;;;;;;;;
3520;1,614;0,057;2,244;2,842;161,416;5,739;2,244;284,249;1,201;0,916;0,963;;;;;;;;;;;;
3530;1,597;0,059;2,258;2,858;159,707;5,861;2,258;285,836;1,188;0,935;0,969;;;;;;;;;;;;
3540;1,578;0,059;2,270;2,873;157,753;5,861;2,270;287,302;1,173;0,935;0,974;;;;;;;;;;;;
3550;1,557;0,060;2,282;2,888;155,678;5,983;2,282;288,767;1,158;0,955;0,979;;;;;;;;;;;;
3560;1,531;0,060;2,294;2,904;153,114;5,983;2,294;290,354;1,139;0,955;0,985;;;;;;;;;;;;
3570;1,504;0,061;2,304;2,921;150,427;6,105;2,304;292,063;1,119;0,974;0,989;;;;;;;;;;;;
3580;1,475;0,061;2,316;2,935;147,497;6,105;2,316;293,529;1,097;0,974;0,994;;;;;;;;;;;;
3590;1,444;0,062;2,328;2,949;144,444;6,227;2,328;294,872;1,074;0,993;0,999;;;;;;;;;;;;
3600;1,410;0,062;2,339;2,965;141,026;6,227;2,339;296,459;1,049;0,993;1,004;;;;;;;;;;;;
3610;1,376;0,062;2,352;2,982;137,607;6,227;2,352;298,169;1,024;0,993;1,009;;;;;;;;;;;;
3620;1,339;0,063;2,361;2,995;133,944;6,349;2,361;299,512;0,996;1,013;1,013;;;;;;;;;;;;
3630;1,299;0,063;2,375;3,010;129,915;6,349;2,375;300,977;0,966;1,013;1,019;;;;;;;;;;;;
3640;1,256;0,063;2,386;3,023;125,641;6,349;2,386;302,320;0,935;1,013;1,024;;;;;;;;;;;;
3650;1,215;0,065;2,398;3,039;121,490;6,471;2,398;303,907;0,904;1,032;1,029;;;;;;;;;;;;
3660;1,172;0,065;2,409;3,054;117,216;6,471;2,409;305,372;0,872;1,032;1,034;;;;;;;;;;;;
3670;1,131;0,065;2,420;3,068;113,065;6,471;2,420;306,838;0,841;1,032;1,039;;;;;;;;;;;;
3680;1,090;0,065;2,431;3,083;109,035;6,471;2,431;308,303;0,811;1,032;1,043;;;;;;;;;;;;
3690;1,049;0,066;2,442;3,098;104,884;6,593;2,442;309,768;0,780;1,052;1,048;;;;;;;;;;;;
3700;1,009;0,066;2,453;3,111;100,855;6,593;2,453;311,111;0,750;1,052;1,053;;;;;;;;;;;;
3710;0,969;0,067;2,464;3,125;96,947;6,716;2,464;312,454;0,721;1,071;1,058;;;;;;;;;;;;
3720;0,930;0,067;2,476;3,139;93,040;6,716;2,476;313,919;0,692;1,071;1,063;;;;;;;;;;;;
3730;0,894;0,068;2,487;3,153;89,377;6,838;2,487;315,263;0,665;1,091;1,067;;;;;;;;;;;;
3740;0,857;0,068;2,496;3,167;85,714;6,838;2,496;316,728;0,638;1,091;1,071;;;;;;;;;;;;
3750;0,823;0,068;2,507;3,181;82,296;6,838;2,507;318,071;0,612;1,091;1,076;;;;;;;;;;;;
3760;0,789;0,070;2,519;3,195;78,877;6,960;2,519;319,536;0,587;1,110;1,081;;;;;;;;;;;;
3770;0,758;0,070;2,525;3,209;75,824;6,960;2,525;320,879;0,564;1,110;1,084;;;;;;;;;;;;
3780;0,726;0,071;2,537;3,222;72,650;7,082;2,537;322,222;0,540;1,130;1,089;;;;;;;;;;;;
3790;0,697;0,071;2,549;3,237;69,719;7,082;2,549;323,687;0,519;1,130;1,094;;;;;;;;;;;;
3800;0,668;0,071;2,559;3,249;66,789;7,082;2,559;324,908;0,497;1,130;1,098;;;;;;;;;;;;
3810;0,641;0,071;2,569;3,263;64,103;7,082;2,569;326,252;0,477;1,130;1,103;;;;;;;;;;;;
3820;0,615;0,072;2,578;3,278;61,538;7,204;2,578;327,839;0,458;1,149;1,106;;;;;;;;;;;;
3830;0,591;0,072;2,589;3,291;59,096;7,204;2,589;329,060;0,440;1,149;1,111;;;;;;;;;;;;
3840;0,567;0,072;2,598;3,304;56,654;7,204;2,598;330,403;0,421;1,149;1,115;;;;;;;;;;;;
3850;0,545;0,073;2,607;3,316;54,457;7,326;2,607;331,624;0,405;1,169;1,119;;;;;;;;;;;;
3860;0,523;0,073;2,623;3,330;52,259;7,326;2,623;332,967;0,389;1,169;1,126;;;;;;;;;;;;
3870;0,503;0,074;2,626;3,343;50,305;7,448;2,626;334,310;0,374;1,188;1,127;;;;;;;;;;;;
3880;0,482;0,074;2,637;3,357;48,229;7,448;2,637;335,653;0,359;1,188;1,132;;;;;;;;;;;;
3890;0,464;0,076;2,648;3,370;46,398;7,570;2,648;336,996;0,345;1,208;1,137;;;;;;;;;;;;
3900;0,446;0,076;2,658;3,381;44,566;7,570;2,658;338,095;0,332;1,208;1,141;;;;;;;;;;;;
3910;0,429;0,076;2,665;3,394;42,857;7,570;2,665;339,438;0,319;1,208;1,144;;;;;;;;;;;;
3920;0,413;0,077;2,675;3,408;41,270;7,692;2,675;340,781;0,307;1,227;1,148;;;;;;;;;;;;
3930;0,397;0,077;2,684;3,420;39,682;7,692;2,684;342,002;0,295;1,227;1,152;;;;;;;;;;;;
3940;0,382;0,078;2,696;3,433;38,217;7,814;2,696;343,346;0,284;1,247;1,157;;;;;;;;;;;;
3950;0,368;0,078;2,703;3,444;36,752;7,814;2,703;344,444;0,273;1,247;1,160;;;;;;;;;;;;
3960;0,354;0,078;2,713;3,458;35,409;7,814;2,713;345,788;0,263;1,247;1,164;;;;;;;;;;;;
3970;0,342;0,078;2,722;3,470;34,188;7,814;2,722;347,009;0,254;1,247;1,168;;;;;;;;;;;;
3980;0,330;0,079;2,733;3,481;32,967;7,937;2,733;348,107;0,245;1,266;1,173;;;;;;;;;;;;
3990;0,317;0,079;2,741;3,493;31,746;7,937;2,741;349,328;0,236;1,266;1,176;;;;;;;;;;;;
4000;0,306;0,079;2,748;3,507;30,647;7,937;2,748;350,672;0,228;1,266;1,180;;;;;;;;;;;;
4010;0,295;0,079;2,758;3,519;29,548;7,937;2,758;351,893;0,220;1,266;1,184;;;;;;;;;;;;
4020;0,286;0,081;2,767;3,530;28,571;8,059;2,767;352,991;0,213;1,286;1,187;;;;;;;;;;;;
4030;0,276;0,082;2,775;3,542;27,595;8,181;2,775;354,212;0,205;1,305;1,191;;;;;;;;;;;;
4040;0,266;0,081;2,784;3,553;26,618;8,059;2,784;355,311;0,198;1,286;1,195;;;;;;;;;;;;
4050;0,256;0,082;2,794;3,565;25,641;8,181;2,794;356,532;0,191;1,305;1,199;;;;;;;;;;;;
4060;0,248;0,083;2,802;3,576;24,786;8,303;2,802;357,631;0,184;1,325;1,203;;;;;;;;;;;;
4070;0,239;0,083;2,811;3,589;23,932;8,303;2,811;358,852;0,178;1,325;1,206;;;;;;;;;;;;
4080;0,232;0,083;2,819;3,601;23,199;8,303;2,819;360,073;0,173;1,325;1,210;;;;;;;;;;;;
4090;0,225;0,083;2,825;3,612;22,466;8,303;2,825;361,172;0,167;1,325;1,213;;;;;;;;;;;;
4100;0,217;0,084;2,836;3,624;21,734;8,425;2,836;362,393;0,162;1,344;1,217;;;;;;;;;;;;
4110;0,211;0,084;2,842;3,635;21,123;8,425;2,842;363,492;0,157;1,344;1,220;;;;;;;;;;;;
4120;0,204;0,084;2,853;3,647;20,391;8,425;2,853;364,713;0,152;1,344;1,225;;;;;;;;;;;;
4130;0,198;0,084;2,860;3,657;19,780;8,425;2,860;365,690;0,147;1,344;1,227;;;;;;;;;;;;
4140;0,192;0,085;2,868;3,669;19,170;8,547;2,868;366,911;0,143;1,364;1,231;;;;;;;;;;;;
4150;0,186;0,085;2,877;3,680;18,559;8,547;2,877;368,010;0,138;1,364;1,235;;;;;;;;;;;;
4160;0,179;0,087;2,886;3,691;17,949;8,669;2,886;369,109;0,134;1,383;1,239;;;;;;;;;;;;
4170;0,175;0,087;2,891;3,702;17,460;8,669;2,891;370,208;0,130;1,383;1,241;;;;;;;;;;;;
4180;0,170;0,088;2,904;3,713;16,972;8,791;2,904;371,306;0,126;1,403;1,246;;;;;;;;;;;;
4190;0,165;0,087;2,912;3,724;16,483;8,669;2,912;372,405;0,123;1,383;1,250;;;;;;;;;;;;
4200;0,160;0,088;2,919;3,734;15,995;8,791;2,919;373,382;0,119;1,403;1,253;;;;;;;;;;;;
4210;0,155;0,088;2,924;3,745;15,507;8,791;2,924;374,481;0,115;1,403;1,255;;;;;;;;;;;;
4220;0,151;0,088;2,933;3,755;15,140;8,791;2,933;375,458;0,113;1,403;1,259;;;;;;;;;;;;
4230;0,147;0,089;2,941;3,766;14,652;8,913;2,941;376,557;0,109;1,422;1,262;;;;;;;;;;;;
4240;0,142;0,089;2,949;3,778;14,164;8,913;2,949;377,778;0,105;1,422;1,266;;;;;;;;;;;;
4250;0,139;0,090;2,957;3,786;13,919;9,035;2,957;378,632;0,104;1,442;1,269;;;;;;;;;;;;
4260;0,134;0,089;2,963;3,797;13,431;8,913;2,963;379,731;0,100;1,422;1,272;;;;;;;;;;;;
4270;0,131;0,090;2,971;3,807;13,065;9,035;2,971;380,708;0,097;1,442;1,275;;;;;;;;;;;;
4280;0,128;0,092;2,979;3,818;12,821;9,158;2,979;381,807;0,095;1,461;1,279;;;;;;;;;;;;
4290;0,125;0,092;2,988;3,829;12,454;9,158;2,988;382,906;0,093;1,461;1,282;;;;;;;;;;;;
4300;0,121;0,092;2,998;3,839;12,088;9,158;2,998;383,883;0,090;1,461;1,287;;;;;;;;;;;;
4310;0,118;0,092;3,001;3,849;11,844;9,158;3,001;384,860;0,088;1,461;1,288;;;;;;;;;;;;
4320;0,115;0,093;3,009;3,858;11,477;9,280;3,009;385,836;0,085;1,480;1,291;;;;;;;;;;;;
4330;0,112;0,093;3,015;3,871;11,233;9,280;3,015;387,057;0,084;1,480;1,294;;;;;;;;;;;;
4340;0,110;0,093;3,023;3,880;10,989;9,280;3,023;388,034;0,082;1,480;1,298;;;;;;;;;;;;
4350;0,107;0,094;3,032;3,889;10,745;9,402;3,032;388,889;0,080;1,500;1,301;;;;;;;;;;;;
4360;0,104;0,094;3,037;3,900;10,379;9,402;3,037;389,988;0,077;1,500;1,303;;;;;;;;;;;;
4370;0,101;0,094;3,043;3,911;10,134;9,402;3,043;391,087;0,075;1,500;1,306;;;;;;;;;;;;
4380;0,099;0,094;3,051;3,921;9,890;9,402;3,051;392,063;0,074;1,500;1,310;;;;;;;;;;;;
4390;0,098;0,094;3,057;3,929;9,768;9,402;3,057;392,918;0,073;1,500;1,312;;;;;;;;;;;;
4400;0,095;0,095;3,066;3,939;9,524;9,524;3,066;393,895;0,071;1,519;1,316;;;;;;;;;;;;
4410;0,093;0,095;3,071;3,950;9,280;9,524;3,071;394,994;0,069;1,519;1,318;;;;;;;;;;;;
4420;0,090;0,095;3,076;3,960;9,035;9,524;3,076;395,971;0,067;1,519;1,320;;;;;;;;;;;;
4430;0,088;0,096;3,085;3,968;8,791;9,646;3,085;396,825;0,065;1,539;1,324;;;;;;;;;;;;
4440;0,087;0,096;3,092;3,979;8,669;9,646;3,092;397,924;0,064;1,539;1,327;;;;;;;;;;;;
4450;0,084;0,096;3,099;3,989;8,425;9,646;3,099;398,901;0,063;1,539;1,330;;;;;;;;;;;;
4460;0,083;0,096;3,105;3,999;8,303;9,646;3,105;399,878;0,062;1,539;1,333;;;;;;;;;;;;
4470;0,081;0,098;3,111;4,007;8,059;9,768;3,111;400,733;0,060;1,558;1,335;;;;;;;;;;;;
4480;0,079;0,098;3,121;4,017;7,937;9,768;3,121;401,709;0,059;1,558;1,339;;;;;;;;;;;;
4490;0,078;0,098;3,123;4,027;7,814;9,768;3,123;402,686;0,058;1,558;1,340;;;;;;;;;;;;
4500;0,076;0,099;3,131;4,037;7,570;9,890;3,131;403,663;0,056;1,578;1,344;;;;;;;;;;;;
4510;0,074;0,099;3,138;4,045;7,448;9,890;3,138;404,518;0,055;1,578;1,347;;;;;;;;;;;;
4520;0,073;0,099;3,144;4,055;7,326;9,890;3,144;405,494;0,054;1,578;1,349;;;;;;;;;;;;
4530;0,071;0,099;3,150;4,065;7,082;9,890;3,150;406,471;0,053;1,578;1,352;;;;;;;;;;;;
4540;0,070;0,099;3,158;4,072;6,960;9,890;3,158;407,204;0,052;1,578;1,355;;;;;;;;;;;;
4550;0,068;0,100;3,164;4,081;6,838;10,012;3,164;408,059;0,051;1,597;1,358;;;;;;;;;;;;
4560;0,067;0,100;3,171;4,090;6,716;10,012;3,171;409,035;0,050;1,597;1,361;;;;;;;;;;;;
4570;0,066;0,100;3,177;4,099;6,593;10,012;3,177;409,890;0,049;1,597;1,364;;;;;;;;;;;;
4580;0,065;0,100;3,182;4,107;6,471;10,012;3,182;410,745;0,048;1,597;1,366;;;;;;;;;;;;
4590;0,063;0,101;3,189;4,116;6,349;10,134;3,189;411,600;0,047;1,617;1,369;;;;;;;;;;;;
4600;0,062;0,101;3,195;4,125;6,227;10,134;3,195;412,454;0,046;1,617;1,371;;;;;;;;;;;;
4610;0,061;0,101;3,200;4,134;6,105;10,134;3,200;413,431;0,045;1,617;1,373;;;;;;;;;;;;
4620;0,060;0,103;3,205;4,144;5,983;10,256;3,205;414,408;0,045;1,636;1,376;;;;;;;;;;;;
4630;0,059;0,103;3,215;4,151;5,861;10,256;3,215;415,140;0,044;1,636;1,380;;;;;;;;;;;;
4640;0,057;0,103;3,217;4,159;5,739;10,256;3,217;415,873;0,043;1,636;1,381;;;;;;;;;;;;
4650;0,056;0,103;3,225;4,167;5,617;10,256;3,225;416,728;0,042;1,636;1,384;;;;;;;;;;;;
4660;0,056;0,103;3,231;4,177;5,617;10,256;3,231;417,705;0,042;1,636;1,387;;;;;;;;;;;;
4670;0,055;0,104;3,238;4,186;5,495;10,379;3,238;418,559;0,041;1,656;1,390;;;;;;;;;;;;
4680;0,054;0,104;3,243;4,193;5,372;10,379;3,243;419,292;0,040;1,656;1,392;;;;;;;;;;;;
4690;0,053;0,105;3,250;4,201;5,250;10,501;3,250;420,147;0,039;1,675;1,395;;;;;;;;;;;;
4700;0,051;0,104;3,255;4,209;5,128;10,379;3,255;420,879;0,038;1,656;1,397;;;;;;;;;;;;
4710;0,051;0,105;3,261;4,216;5,128;10,501;3,261;421,612;0,038;1,675;1,400;;;;;;;;;;;;
4720;0,050;0,105;3,267;4,226;5,006;10,501;3,267;422,589;0,037;1,675;1,402;;;;;;;;;;;;
4730;0,049;0,105;3,271;4,233;4,884;10,501;3,271;423,321;0,036;1,675;1,404;;;;;;;;;;;;
4740;0,049;0,106;3,275;4,242;4,884;10,623;3,275;424,176;0,036;1,695;1,405;;;;;;;;;;;;
4750;0,048;0,106;3,282;4,250;4,762;10,623;3,282;425,031;0,035;1,695;1,409;;;;;;;;;;;;
4760;0,046;0,106;3,287;4,258;4,640;10,623;3,287;425,763;0,035;1,695;1,411;;;;;;;;;;;;
4770;0,046;0,106;3,292;4,264;4,640;10,623;3,292;426,374;0,035;1,695;1,413;;;;;;;;;;;;
4780;0,045;0,107;3,298;4,272;4,518;10,745;3,298;427,228;0,034;1,714;1,415;;;;;;;;;;;;
4790;0,045;0,106;3,304;4,281;4,518;10,623;3,304;428,083;0,034;1,695;1,418;;;;;;;;;;;;
4800;0,044;0,107;3,309;4,287;4,396;10,745;3,309;428,694;0,033;1,714;1,420;;;;;;;;;;;;
4810;0,043;0,107;3,313;4,295;4,274;10,745;3,313;429,548;0,032;1,714;1,422;;;;;;;;;;;;
4820;0,043;0,107;3,320;4,303;4,274;10,745;3,320;430,281;0,032;1,714;1,425;;;;;;;;;;;;
4830;0,042;0,109;3,325;4,310;4,151;10,867;3,325;431,013;0,031;1,734;1,427;;;;;;;;;;;;
4840;0,042;0,109;3,331;4,317;4,151;10,867;3,331;431,746;0,031;1,734;1,430;;;;;;;;;;;;
4850;0,040;0,109;3,337;4,324;4,029;10,867;3,337;432,357;0,030;1,734;1,432;;;;;;;;;;;;
4860;0,040;0,109;3,342;4,333;4,029;10,867;3,342;433,333;0,030;1,734;1,434;;;;;;;;;;;;
4870;0,039;0,109;3,347;4,341;3,907;10,867;3,347;434,066;0,029;1,734;1,436;;;;;;;;;;;;
4880;0,039;0,110;3,352;4,347;3,907;10,989;3,352;434,676;0,029;1,753;1,438;;;;;;;;;;;;
4890;0,039;0,110;3,358;4,354;3,907;10,989;3,358;435,409;0,029;1,753;1,441;;;;;;;;;;;;
4900;0,038;0,110;3,364;4,363;3,785;10,989;3,364;436,264;0,028;1,753;1,444;;;;;;;;;;;;
4910;0,037;0,110;3,366;4,369;3,663;10,989;3,366;436,874;0,027;1,753;1,445;;;;;;;;;;;;
4920;0,037;0,111;3,372;4,376;3,663;11,111;3,372;437,607;0,027;1,773;1,447;;;;;;;;;;;;
4930;0,037;0,111;3,376;4,382;3,663;11,111;3,376;438,217;0,027;1,773;1,449;;;;;;;;;;;;
4940;0,035;0,111;3,385;4,390;3,541;11,111;3,385;438,950;0,026;1,773;1,453;;;;;;;;;;;;
4950;0,035;0,111;3,388;4,397;3,541;11,111;3,388;439,683;0,026;1,773;1,454;;;;;;;;;;;;
4960;0,034;0,111;3,393;4,403;3,419;11,111;3,393;440,293;0,025;1,773;1,456;;;;;;;;;;;;
4970;0,034;0,112;3,400;4,410;3,419;11,233;3,400;441,026;0,025;1,792;1,459;;;;;;;;;;;;
4980;0,034;0,112;3,403;4,419;3,419;11,233;3,403;441,880;0,025;1,792;1,460;;;;;;;;;;;;
4990;0,033;0,112;3,410;4,424;3,297;11,233;3,410;442,369;0,025;1,792;1,464;;;;;;;;;;;;
5000;0,033;0,112;3,411;4,431;3,297;11,233;3,411;443,101;0,025;1,792;1,464;;;;;;;;;;;;
5010;0,032;0,114;3,418;4,437;3,175;11,355;3,418;443,712;0,024;1,812;1,467;;;;;;;;;;;;
5020;0,032;0,114;3,421;4,444;3,175;11,355;3,421;444,444;0,024;1,812;1,468;;;;;;;;;;;;
5030;0,032;0,114;3,427;4,451;3,175;11,355;3,427;445,055;0,024;1,812;1,471;;;;;;;;;;;;
5040;0,032;0,114;3,432;4,458;3,175;11,355;3,432;445,788;0,024;1,812;1,473;;;;;;;;;;;;
5050;0,031;0,114;3,436;4,465;3,053;11,355;3,436;446,520;0,023;1,812;1,475;;;;;;;;;;;;
5060;0,031;0,114;3,443;4,471;3,053;11,355;3,443;447,131;0,023;1,812;1,478;;;;;;;;;;;;
5070;0,031;0,115;3,448;4,477;3,053;11,477;3,448;447,741;0,023;1,831;1,480;;;;;;;;;;;;
5080;0,029;0,115;3,452;4,484;2,930;11,477;3,452;448,352;0,022;1,831;1,481;;;;;;;;;;;;
5090;0,029;0,115;3,457;4,491;2,930;11,477;3,457;449,084;0,022;1,831;1,484;;;;;;;;;;;;
5100;0,029;0,115;3,460;4,498;2,930;11,477;3,460;449,817;0,022;1,831;1,485;;;;;;;;;;;;
5110;0,028;0,116;3,468;4,503;2,808;11,600;3,468;450,305;0,021;1,851;1,488;;;;;;;;;;;;
5120;0,028;0,116;3,469;4,509;2,808;11,600;3,469;450,916;0,021;1,851;1,489;;;;;;;;;;;;
